Apple iPhone 7 PLUS 128GB Black Unlocked Smartphone 12 months warranty,369.89,GBP,3,https://www.ebay.com/itm/Apple-iPhone-7-PLUS-128GB-Black-Unlocked-Smartphone-12-months-warranty/264372612326?epid=225208814&_trkparms=ispr%3D1&hash=item3d8dd5ece6:m:m-3MJr0k1YynUKrcP7fZYQQ&enc=AQAEAAACcIQvEcHUrT7nmUC3yY5qbPyaBN1nJEDYW8MyypsJPgXKbpGVenk0QxwqJ7mBcQFMD9jLbxdMywd7n7Q06YJzTqAq%2FvyQ7EqPoXx2DcpZgFX6E6Wowe5PFrfgGD5utwiK3IH2RUWiX%2FCHmxifwloICMAyzliJgLjPg6xQUqdep3cP0nBegn9mYOh5tkziziCcDJk0Vx8GiHbXW9lg0Xq3QK0iV11QAO6ydxNB0l6l7wPqE0jpPw7N%2Frezpgdfx8kNXsjZrAgdPv3k4fNFHQg1N2TPS7s4tiIrOVd6e%2BIC%2B1UsnkjPjQ6WE1nUvvmBo650GEX6QRn4YVdESNQ8dl50S%2FVKiEkHe8mFz0ARAwwrgb7CJ6ZbWWLTC9uxHHpclYVELb9CyjUES68iJ1mok4k79zdc8Wh5uUHXMhk%2F%2BjVr6RdFtOhk5J1Gl9k8TTW6oFZA33abTgBEe0a%2FmKgD7wDDc691PWhTzKaLXVcm%2Ft7yU%2FSA1VbwaIeiwv8zZw5utYpQRunHMSQE8aiG%2BP79m0VsCf6bCbcNC3vTYRVX8ePv%2B3doihua4DcAyYZauja0wm3vLMBJPm1EcHbXSjDnym0Kc5m5OsRZWMu2F8DM%2FpCSlyNGsz3k3uOFzXbuqT6ohI30ABQDa6xP6CFb1k9xNaOpmmGEb2noVVLwCZGD6DEWnPGW2HNbXNHJyHuc87Gsr4M77PG9ICItd7MqhX0TqlxGqPauuYPvL74aGHTlnxO%2BGQjUhMIVxNOwiZ0UiABcFLh1fYyGKg%2FDzRy%2FBF69EkORbRMpBY4B%2BnP5lC2leENaK4ImGtnh3ckl0eLC3dhueOzSbQ%3D%3D&checksum=264372612326d60a43001f1546ee89ee1558a79a24c7
"Apple iPhone 7 Plus 128GB Gold, Rose Gold, Black, Silver iOS GSM Smartphone",359.88,GBP,7,https://www.ebay.com/itm/Apple-iPhone-7-Plus-128GB-Gold-Rose-Gold-Black-Silver-iOS-GSM-Smartphone/254410607383?epid=225303678&_trkparms=ispr%3D1&hash=item3b3c0dcb17:m:m1qX5h2gwrtw63cWS28ikpA&enc=AQAEAAACYIQvEcHUrT7nmUC3yY5qbPyaBN1nJEDYW8MyypsJPgXKBMsgxzC%2B4AcufPIrJqKaAES6bGgSpkbH%2FGGpTdhB5%2B%2BVpCRIW7PWLGQdPTEnaFQPq40grh0sAvQ8ob6uBuD2qjwGVOuzPl8kfBv0kJWAWxVlIzIY2Pr4cGINIk7VRYPA892t0WTNRMw%2F4EWYsBKvoOnpijRVRwOyO9ySlZP%2F10y7kNu79YPGsWYdO8R%2Foc2HqiXjPjeFi2Mes4I5ux7BanyGZxB7vhc8YJrUhCwdlCE1a4QWI7ZWINTnjl3ExrJz7tq%2FL8oycb810GtKlCDxgh1Mgifd6akbO6LsLZ1WZFsRvCQNuidqvvzjGKfD%2Bg3n2jcHRbCXyDCM2SLzsADfDU%2B3rdVFi%2Fnfb7lxH36X%2FAa6s0k5skHDfAEWxCs%2BWA6wY8xzeeUMgNlZpvzCHUzBOQ5UifkoTyKqIfwloP3eymaHvRFv6ltGdvW1QMj6wrfZfH8GR0gV6xYSz6Jfn%2FZpA%2F0d8tbZQinwKFPg0bsd3xyADim2SEIWjHBkacsTEt%2BlI9Ezl%2FRF2jTRk9Q5vNQXQfIiwGwIT734wz%2BC2dI%2BbtvWrigD9zNyal2xeDyjTY25fdWcXkYBcPCC3WSLAajCR%2Bip7uN1o5sQMa1roOQ11fw8jlpIfr9POudQs0bvH6jtiA76RZbsKDN%2F%2FelcjPFX5D5dQje4kSwjbjW5aELhhFc2D5vrh2FQihEf1dBVinIhTfwMIbmuoYKtL1nnyJdIBxSlY9W84MFq54TPpvzBrsVXCIM01PC8WArWyBT3i92d&checksum=254410607383d60a43001f1546ee89ee1558a79a24c7
Apple iPhone SE - 16GB - Gold (Boost Mobile) A1723 (CDMA + GSM),149.85,US,2,https://www.ebay.com/itm/Apple-iPhone-SE-16GB-Gold-Boost-Mobile-A1723-CDMA-GSM/273824234675?epid=228309942&_trkparms=ispr%3D1&hash=item3fc1323cb3:g:sR8AAOSwceNZSSQp&enc=AQAEAAACYIQvEcHUrT7nmUC3yY5qbPyaBN1nJEDYW8MyypsJPgXKIoKynsg6X64bO%2FF4KtKQ1qbJhCCWUzu71uE55dfw9HYC%2B3%2FkaorQXjpjvLpXELw7f4oJLgWAvGeJnPllQjwiBnyGA1%2BeSVf%2B5j85uvZbOOiI4rq%2Fchw%2FTZIof%2F0jjIMSCgiN%2BM21VPBydgWuHAhUEz6BOGzJ2x%2FA7F2D%2BdrdR3ELKcvxTtoHOPPKwuHIs%2BNPuHc2OITBhaVHsQHMejhWMb%2FtCid5w0veWbGY9ZFsSF5BjLT0k0CclZsmlhzojkqGTuqWM1BlgyYa42faZyamS2nlJTogZX2cFv3nxi7%2BB%2BCTMEG6oUUdLo1AMlEYW%2F%2BqoBw1c%2Fg1%2BvUq3j3VyCMStLYr0OhBCJUnvWykwnfS5sDNXDmo73LuowYIHtxwNUG8yhud2BMmImQFiQQjq8XrTl7JGFYFAKqR3MnqkrWWeNa3j0qJ5wYNeUe5LKpSPc3F%2B3tSGm3kYIYe6n90vIcJnegjMWrd%2BdnezYPArsJOPfSkfOk5O6ARvC7Hg%2FG3Ew%2F8bt11ghrDBxmxgsTGsLopq1IttAoj2b9GaP%2BTXUg0L%2FID4ndnFye9yZ2uS7n2HHgZeXuikSuwtwE6zxPz8GG0SYu6kXNVhOCE1UIxyRNK85lJcCi%2BRE%2FyOpif5AuCyKI1DvGG7kXTXxZY9NhewiUfdCLmboij1HyUuXnIG3EL41ZQyXISXZs3V9ZYoS4R%2FuS0kKgr67nVyz30OePwBSo6hOcGqTpDyi%2FifxcbbFtImXimCmV1kWowmKWNvQLfYaTL&checksum=273824234675d60a43001f1546ee89ee1558a79a24c7
Apple iPhone 7 Plus Black 32/128/256GB 12.0MP iOS Mobile Smartphone,319.68,GBP,2,https://www.ebay.com/itm/Apple-iPhone-7-Plus-Black-32-128-256GB-12-0MP-iOS-Mobile-Smartphone/264349117686?_trkparms=ispr%3D1&hash=item3d8c6f6cf6:m:m9uNlei7R8BSCX999AQskxg&enc=AQAEAAACYIQvEcHUrT7nmUC3yY5qbPyaBN1nJEDYW8MyypsJPgXKbpGVenk0QxwqJ7mBcQFMD9pA3sqIxUxBgZq0juthYNIROdY0HeqSs9rzhUpNv5aLtAo%2FkThydntiNXOvVbQJCMAeKvxJ8b2s%2FYygAH5ozN%2FnY9%2Furr6sixja8ko57TCxWNQ1rbneEvF90DrNmXYgCXeo5MAmOYvT9Qctuj52vJKPfJyGHBJwqQXNJwz6cMjP9eCoUjuoLZFRP3Wv4sQ%2FCFoMo9bdsUtIDokd3Mw8OzUYmTv%2FD3Qy%2BvCskS0JQ5Nm3vdgy8123iZ2GXvN9DD%2BHd32ZqfvrrlTPsx61AYQYTjm%2FnE0linuuBl00Dd5qAbSC3JnpoIjYKNkd1wI9kLjqQFbzSOHFALM6ADXU2wJEK1O7DnBFxgy94utP5uzBZUXo6uHx3pO06xqWC17Mf5y0U3zPtyH5R8S%2FFwgd54aRVPSwRc3zS9%2B5pE5azVDofgdPEeJmFzlX7xkg%2F3PFlIA8FFUq5BPrHhdgHiGV4H9%2BuArxJ1f8H%2F0WaBUKc2fa%2Farqcdm4%2Fd%2BkBFNaJ1ZyFKcySotZmVF9AS5pU19Dnaf5mF4WdDQhZRCa7wLeFvLBTmsH9qthzpDwQ10RUKbt71fx%2FHukuNR9s54EMLoQOnAdd%2F0N7qk2waX3nb3QOSbN9IuX3OLdEQcjCXnjk7mwYZaLXMVgKGB%2BDHEFWM0qaR%2F9o6Y4LU6KBopM84TeM85cwRRr0yG8hzGg9m%2BTEHzPYwJ3Av%2BEgGoBKkADnSbXtf7Wc%2BQhNKYrHFvbwfqv6JGO%2BYv&checksum=264349117686d60a43001f1546ee89ee1558a79a24c7
"Apple iPhone 8 256GB Unlocked iOS Smartphone - Space Grey, Good, Grade B",289.99,GBP,1,https://www.ebay.com/itm/Apple-iPhone-8-256GB-Unlocked-iOS-Smartphone-Space-Grey-Good-Grade-B/401747101542?epid=239068704&_trkparms=ispr%3D1&hash=item5d89fe4766:g:2jgAAOSw5Fxcrg~p&enc=AQAEAAACYIQvEcHUrT7nmUC3yY5qbPyaBN1nJEDYW8MyypsJPgXKPst8O3a018v1Mw9qxMpjJePlGDTBTxYiQfPaEvY3pVaeDR23zYROOUI49DOobMxnnAhIey85%2BMI4c3zIM%2Fb5jf7cmdOQuoHV1JMBXH6nPuJOkOLpdNAh%2BSrO5bI5QTNkhYonL1G2fsN9QavLhFXv8%2Bin7oaNQp9Ul1zIvYTttAxuop0dtVfRFe4aheFbGXYiI93hg2Nnaxy4z%2BHkLmm0ENKjvSW53NP%2B%2BJaZkxPPYObGPPWe0XzdZmgOrjxfhsTw4QXflqjOoY9PM8AUYZSAtoVdPEsBfxGQqIq90ovkvU3tFVM5Nvmu0G0h0GkfddL8vUqiAbhJAbRc10TcMMx%2Bxx6lCpTzwpNARS9FN4H12ShaaK1JsWZBzLqTsnIOhP%2FZ%2F33QH%2F%2FRX9mTjYlqPv5TxBdwCqwlnmmxc6wRbNHxO8aFdckczkG5ISweOl1ZUnsecg5gXxJv%2FH6%2Fv7qcZ7qIpNhdBkPN1J3pNxBe8i9%2Ftk1k%2FOxxO5cF6o%2BLKeKmPdC7gkK7PtGmdqydUO6PMgv9UDuX%2FJnnGvJqvsmBkdF0l3z7%2BEwbtN0OP4IvbLHoAh6RHrvwX1gy3nrgnUY2l1FJLbZYEid6RmmGUFpHEPxh%2Ffer5CQCHf3QuQItEg0l5yKfPITpOBsJ%2BecfRK35Hir7s0hmu0LBrFwppMeXXolA8fIvIWuX14N0HXzRmLVSdrCliqdEpjswCpSN2215l7BaLgr112oC7VydkAjAAR6ElhH8XawOMDN9juMkQ1p2OLCh&checksum=401747101542d60a43001f1546ee89ee1558a79a24c7
Apple iPhone 6s (32gb) Globally Unlocked (A1633) Rose Gold/ MiNT ExTRAs * iOS13,143.00,US,,https://www.ebay.com/itm/Apple-iPhone-6s-32gb-Globally-Unlocked-A1633-Rose-Gold-MiNT-ExTRAs-iOS13/333546870996?hash=item4da8f158d4:g:ZwEAAOSwpr9eTvlv
2 NEW SEALED Apple iPhone 8 Plus (PRODUCT) RED - 256GB - (WORLDWIDE Unlocked),"3,336.99",US,,https://www.ebay.com/itm/2-NEW-SEALED-Apple-iPhone-8-Plus-PRODUCT-RED-256GB-WORLDWIDE-Unlocked/113862575371?epid=245220725&hash=item1a82bd050b:g:KscAAOSwk-pdWxNH
Apple iPhone 8 64GB,240.00,GBP,,https://www.ebay.com/itm/Apple-iPhone-8-64GB-Gold-Unlocked-SIM-Free-Smartphone/224012476725?epid=239093325&hash=item34282f2135:g:HHoAAOSwkNZev9AU
Apple iPhone 7 (128GB) - Unlocked GSM - Rose Gold - Smartphone *Brand New*,387.98,US,5,https://www.ebay.com/itm/Apple-iPhone-7-128GB-Unlocked-GSM-Rose-Gold-Smartphone-Brand-New/153408344857?hash=item23b7d99319:g:u6IAAOSwzTJcS12K
Apple iPhone 7 128GB Sim Free Unlocked iOS Smartphone Silver - Pristine A+,219.90,GBP,2,https://www.ebay.com/itm/Apple-iPhone-7-128GB-Sim-Free-Unlocked-iOS-Smartphone-Silver-Pristine-A/401623598615?epid=225203575&hash=item5d82a1c617:g:KfoAAOSwn91b0klJ
Apple iPhone X 256GB T-Mobile Space Gray,550.00,US,,https://www.ebay.com/itm/Apple-iPhone-X-256GB-T-Mobile-Space-Gray/362994283187?epid=239161003&hash=item54842532b3:g:jzUAAOSwLmxevV9Q
Apple iPhone 7 Plus - 32GB 128GB 256GB - Smartphone GRADED,200.00,GBP,16,https://www.ebay.com/itm/Apple-iPhone-7-Plus-32GB-128GB-256GB-Smartphone-GRADED/122706223402?hash=item1c91dc612a:m:m3D4AINgLVA_CS3xwrD6GMQ
New in Sealed Box Apple iPhone 7 GLOBAL Unlocked Smartphone/32GB/RED,212.99,US,132,https://www.ebay.com/itm/New-in-Sealed-Box-Apple-iPhone-7-GLOBAL-Unlocked-Smartphone-32GB-RED/143290120283?hash=item215cc1b85b:g:vkAAAOSwdRZc~wNp
Excellent CONDITION APPLE iPhone 8 64GB EXPRESS POST Australia STOCK,419.95,AU,5,https://www.ebay.com/itm/Excellent-CONDITION-APPLE-iPhone-8-64GB-EXPRESS-POST-Australia-STOCK/202932985865?hash=item2f3fbfa009:m:mT0lNL6Px22jeqBusvibSCg
Apple iPhone 8 - UNLOCKED - 256GB Gold Mobile Smartphone SIM Free LTE,432.99,GBP,1,https://www.ebay.com/itm/Apple-iPhone-8-UNLOCKED-256GB-Gold-Mobile-Smartphone-SIM-Free-LTE/193176021741?epid=239054480&_trkparms=ispr%3D1&hash=item2cfa302aed:m:m6jmaZj2TLwV-xjZ0Iwy7gA&enc=AQAEAAACYIQvEcHUrT7nmUC3yY5qbPyaBN1nJEDYW8MyypsJPgXK4PLYVaIgu9w9Os2XtDHJepNeKCv8IJGS3DBT%2F6IP41A2qrSU4w9ulNMsfknxUPWg3kn%2FvqfEkC6oFCp9DnJF9iBnK%2BMFvydPW0jPW0kaak%2BgzI4pUmKJbM1rtFGBxM8vQ61PotMcG861A6NLtu1cPCMNYm26V7NZ0gQD6DKRFCYGw0uxAFdG7qsAE92M6%2FOhqqtKBv9xXiZ0B0hRSw%2Ft5RdjSgewgzlKtWOQLKSxg8n3nGlRPsgB03aFn0LsnqWFm8l43yDPGaOtqlKeFtyK7367GQtDTJmlhvAie6MC2J%2FzRsnW9R2%2FYHdwkT7MAep1JOWjVh8nM%2BMVy93j5EIsr%2Bjkk7QMSfNmRIQbpa3d3j85TSOv34ZKVF5hsxHN5c2lmKZdgMKi6uZD1WxSnQShqiEqcye%2BVq9i2ZiHZo9O4Z11QPtPk5fIcVaVJC8PqnN72%2F2Yzusx5Ww4Yx%2BbrFEfuiwJkaW8Z7FvYkH%2B6VLwroMo8fhI5sdc1u6Gb3vCYQZZX%2FiV5KRoGqUoqQesEl2eCU99VDbXxogkROdow0yib3te%2BA4ux1WxZe92A3wcip28jtkEfhEcgBn%2BYxs7jnJfXUvM%2FzMJSquGrqjNA5rFlFT%2FXkGQHXmjaVq%2FR7WzbxUGQNvtkzZVhufK%2F7KSJrZygxl6QgGHwO1QzZUJFuLOHNBCcVha4GkNNJV7Du%2FzdrG86iXpyrAFcGYOP%2B%2BrWKBKbRtsRxXdoEJbLrYYPifV1kE5IREsfim%2BRTYhAqVyfJ3G&checksum=193176021741d60a43001f1546ee89ee1558a79a24c7
"Apple iPhone 7 32GB Sim Free Unlocked iOS Smartphone, Rose Gold - Pristine A+",197.99,GBP,3,https://www.ebay.com/itm/Apple-iPhone-7-32GB-Sim-Free-Unlocked-iOS-Smartphone-Rose-Gold-Pristine-A/202611767150?epid=225209929&_trkparms=ispr%3D1&hash=item2f2c9a376e:g:F5EAAOSwgW9ceTUc&enc=AQAEAAACYIQvEcHUrT7nmUC3yY5qbPyaBN1nJEDYW8MyypsJPgXKxIntehGqQQl8nLx%2FEZs3Rp3XCn%2F0XblzCgEwSh9ue2agUSvHueY8OfWOmEjTuowsQd1hkHvpZFO4tlqNP9YRK2PeRQR%2FQaiLUK3viufOZ5Ik3aXcYbLyUYTvslUMI93IQyTnpnP7OmcBN4mJf%2Fae7jIjvFcXRVMO1vjg%2BUc3eRDnU9cxIQ8CA4koEsyEM843jrfopIjR8%2FTjqIFySeoVf9BcU2V5IE1FjD90iEZ9rnkTO08luwNr0sy44SwVHRiwIFZfq%2B8hNNU6sa8evR44bwlHfLG1nP2GYgoS5ADMFZUbtmV%2BdmnqPX5YeHm2SKYKgF%2BNrHoK0RCrXRa8AIzEzcvNDNznJmUB3Ue9NcL0qQuskiTsiwCL2yDWrfTH5pYnbAihtRDTSaCkFbuTD%2FGYbiVnew76NPu%2FIXJDCuyFDzwZbNe8iHYQ%2BZ%2BKsSPdr78Lv%2B4U%2BLMHmjbw7ZjVFCb6%2B94LzXjKLUkNlI5lxy56SWUctXwhqF3VpbgdtM%2Fa3BN9NDNlETS%2B2Qk8cg8Y0TvHqMntUunjC21NVLWsJoUR9n%2FpZHnrUZ6aJsy1Fc1fPEr7RZK40pF%2B65pEL0MXxy6Mfiw4jbsBqFyjyy%2B1FCXG52Vtfb2pMYpeUiEl2OxnvXVlvVa3XSrTQXQDcMgwrn1r2oh%2FspOz%2Bsfc2HsG71KiXGEMR9lEXrv6vGlUoYakU7PjtYMED%2F2%2Bv75qezdb16znzM4gbmuG75Tp2nB2x4f740nD435o5zD27y%2BMPxJ%2FJ2nX&checksum=202611767150d60a43001f1546ee89ee1558a79a24c7
"Apple iPhone 8 64GB Sim Free Unlocked iOS Smartphone, Red - Grade B Good",249.99,GBP,,https://www.ebay.com/itm/Apple-iPhone-8-64GB-Sim-Free-Unlocked-iOS-Smartphone-Red-Grade-B-Good/202679852373?_trkparms=ispr%3D1&hash=item2f30a91d55:g:VyMAAOSwhjNev8DY&enc=AQAEAAACYIQvEcHUrT7nmUC3yY5qbPyaBN1nJEDYW8MyypsJPgXKxIntehGqQQl8nLx%2FEZs3Ro%2FijAiOp2%2BpfGUDiV3wh%2Fud6KNekQrNU6IK%2Bxv6BfNL0ytr7HbdpgHwiBQHeFo7747HnHoalqbwHOy08gE8uaXpXMEeZebFHMp9HBNBHReHL2bWyYXraWz1WSAylaxDZOx3SCQhYrSrxAirb47tqCFouAeqMYmtOvlCGtoc9T3Mt7XAdj3SHL6dSrCnciOLuTy%2FTF%2BXrfh3Ezp35F4lXN0VFhJjy5QeeZ3GPvZikfS6nRJJiIvDkS%2BrjhV%2BzIx3%2B3DqnEVvKmOum5lP3J3hGn11mEhN1VNoUblRhVXulMa10EeBzoyFR4t5R8q9WQ52jtqGkhyhYZz48L5nJ0ifeyfIRRMMb0TxzYjbG%2FQqFEFlv%2FDtw94HYg0ZVIUm1JdI5BPBIue4gRMbl2t0ZuTSUJsJzNg7IEWunai89AwwikEzdz7bT84KyZ8N%2BsmaioYZNDkzhU%2Bt7qaZfz7dRBvkQULKMrQDanvaLCjIK%2BdmvZV%2BZBuPDg2DWUDsZYCUU0QuOn9tMxiyB927wwMrl3wQZ6%2FAem9KjcTrFEmdMpeDcNI9ZMfX2G5H9Pf3htHmUI55%2BAh%2F2QTfonfV3BidP4vYIbLupwxEjGTTE0jf71R%2B2TJ0eV10r%2BogAFlboeSX8NIvaPjRV9nbdbmwSGmWzHbbH2c33OOKU%2B4KC%2FKL4wRvdVK0MoqZQpSC9anGk7XlJjt8Kd8cTRuMeQYgyjOiC58Fi3kosfbY%2FnpYd%2FxBGCJIsvry&checksum=202679852373d60a43001f1546ee89ee1558a79a24c7
New & Sealed - Apple iPhone 7 32GB Prepaid Black LTE Straight Talk - Free Ship,239.95,US,2,https://www.ebay.com/itm/New-Sealed-Apple-iPhone-7-32GB-Prepaid-Black-LTE-Straight-Talk-Free-Ship/324140562082?_trkparms=ispr%3D1&hash=item4b784876a2:g:akEAAOSw74ReUyPB&enc=AQAEAAACYIQvEcHUrT7nmUC3yY5qbPyaBN1nJEDYW8MyypsJPgXKtMiVu7s8Kj2Ur48i56lddwPDomFRoSuGpX4A%2FWmomFUnWJn24rvuOcFVarZgmtyhqYjGQAmBOCWB5n7ZuVuF5jQQAXSlPKy1UAkVitfDtGNIaWTsYiZkVlFx5YJAGLM9doHouLqY5RtZ9hWhMNHgQ59UqVv3R%2Blu9RnPxbpJgjYGqw%2BI5y971UW1hdYPsRsLXHazAOglbx668daShd5OREa9QiYgi2pM%2FsN0RL53tzQMeY6F665MLrpXhkyvpcYEwYw6pvrUOUvCjjUwLfuYDFU7VqOj4HY8truouaPyAL6LcPJyf3z%2Bkld683xk0gh9xPlCLyh1WiSeL4XnsiW8EdmBx2i%2FQTRcSYWYWrMIN4zeLYXtd0Hqu7lEC2w9V2sZS%2FaQJyztmIIRB3gGuZCvtN%2B9jHtiNvYjLmv4oBC1mKKNAhb1%2FNfslo0G54HotMtZoO8uJfq1Qw4YT1CXK9V4UL61YqBIKvOPuZ71iEy19e16potoRzZsUt%2Fq3n1mersMwcHvNAUDHWOmS9Lrjih2eDr4Z6XQXhB9sug7rM%2FpX8QSXUTQbSM1AK6n7gzjo%2FlAFTdtRQmuVubZ%2Bh3Te7QNTlG1%2BuWHDtXQgfYsCJl7q5gAzPddGY81OKWhVfLj%2FlbbwRkHcyqRQRjiiD56WJPyiicNG4pEM8oyKPrTooiIfTWsUBBKuwaXC%2FKGX6Obx9T7Ul7GNM%2FbQRLIj5m%2BuKxNwPUBWkOGShuCWROlRX%2B5ywf0D8HklTsNXsHJV4qLynge&checksum=324140562082d60a43001f1546ee89ee1558a79a24c7
New in Sealed Box Apple iPhone 7 Plus GLOBAL Unlocked Smartphone/32GB/RED,338.99,US,6,https://www.ebay.com/itm/New-in-Sealed-Box-Apple-iPhone-7-Plus-GLOBAL-Unlocked-Smartphone-32GB-RED/143290117504?hash=item215cc1ad80:g:cNYAAOSw-ixc~wLz
Apple iPhone X 64GB 256GB Unlocked Smartphone Sim Free Silver / Space Grey,386.99,GBP,10,https://www.ebay.com/itm/Apple-iPhone-X-64GB-256GB-Unlocked-Smartphone-Sim-Free-Silver-Space-Grey/283782786147?hash=item4212c5ac63:m:m-Fz3wNwPNUPS6UJryuZG-w
iPhone XS Max GSM 512GB Gold UNLOCKED - Excellent,659.95,US,5,https://www.ebay.com/itm/iPhone-XS-Max-GSM-512GB-Gold-UNLOCKED-Excellent/193397924332?epid=19023709093&hash=item2d076a21ec:g:AGYAAOSwnm1efR1K
Apple iPhone 8 AT&T T-Mobile Sprint Verizon GSM Unlocked Red Space Gray Silver,600.00,US,,https://www.ebay.com/itm/Apple-iPhone-8-AT-T-T-Mobile-Sprint-Verizon-GSM-Unlocked-Red-Space-Gray-Silver/192925658433?hash=item2ceb43ed41:m:mUon1fJmcaTdqpzgu_S8p1w
" CDMA + GSM UNLOCKED VERIZON APPLE iPhone X, 64GB A1865 MQCK2LL/A T60P",380.00,US,,https://www.ebay.com/itm/CDMA-GSM-UNLOCKED-VERIZON-APPLE-iPhone-X-64GB-A1865-MQCK2LL-A-T60P/353074990758?epid=240377072&hash=item5234e8cea6:g:2HcAAOSwL-Beuu9t
Apple iPhone 8 Plus GOLD 64GB MINT CONDITION MODEL#A1864 PRE-OWNED,435.00,US,,https://www.ebay.com/itm/Apple-iPhone-8-Plus-GOLD-64GB-MINT-CONDITION-MODEL-A1864-PRE-OWNED/402246585576?hash=item5da7c3cce8:g:kRoAAOSwvM9epzof
New Apple iPhone 8 Plus 64GB Space Gray T-Mobile GSM A1864,559.00,US,4,https://www.ebay.com/itm/New-Apple-iPhone-8-Plus-64GB-Space-Gray-T-Mobile-GSM-A1864/192889813956?epid=239068414&hash=item2ce920fbc4:g:XpoAAOSwYu1cgVjl
Apple iPhone 7 - 256 GB - All Color (Unlocked) A1660 (CDMA + GSM) VERY GOOD,259.99,US,,https://www.ebay.com/itm/Apple-iPhone-7-256-GB-All-Color-Unlocked-A1660-CDMA-GSM-VERY-GOOD/133391234601?hash=item1f0ebcb629:g:~TYAAOSw~HBenULf
NICE USED APPLE IPHONE 7 BLACK AT&T 128GB A1778 GSM FAST FREE USA PRIORITY SHIP,272.00,US,,https://www.ebay.com/itm/NICE-USED-APPLE-IPHONE-7-BLACK-AT-T-128GB-A1778-GSM-FAST-FREE-USA-PRIORITY-SHIP/383412907145?epid=225300193&hash=item594530ac89:g:am4AAOSwLIZeP0~b
CHEAPEST Apple iPhone 8 [64GB/256GB],425.00,AU,23,https://www.ebay.com/itm/CHEAPEST-Apple-iPhone-8-64GB-256GB-A1863-Unlocked-Smtphone-Au-Stk-Free-Exp/324090768242?hash=item4b7550ab72:m:mOwvQqxw6k78X03Qdo0A21g
"Apple iPhone 7 Rose Gold (128GB) (Unlocked) (GSM) A1778 *Sealed, Brand New*",390.94,US,4,https://www.ebay.com/itm/Apple-iPhone-7-Rose-Gold-128GB-Unlocked-GSM-A1778-Sealed-Brand-New/163586710634?hash=item2616871c6a:g:3tQAAOSwI-tcS1wU
Apple iPhone 7 A1778 128GB AT&T Wireless Jet Black Smartphone/Cell Phone,199.99,US,,https://www.ebay.com/itm/Apple-iPhone-7-A1778-128GB-AT-T-Wireless-Jet-Black-Smartphone-Cell-Phone/133313695265?epid=16032606471&hash=item1f0a1d8e21:g:V1AAAOSwi7ReKfYQ
APPLE iPhone 7 | 32GB 128GB | Unlocked | Various Grades |Matte Black,149.99,GBP,,https://www.ebay.com/itm/APPLE-iPhone-7-32GB-128GB-Unlocked-Various-Grades-Matte-Black/283870707286?epid=19025174040&hash=item4218033e56:m:m5ipwzpBdveRbOcJvbVCCiA
New Apple iPhone 8 64GB Space Gray & Black GSM T-Mobile A1905,440.00,US,10,https://www.ebay.com/itm/New-Apple-iPhone-8-64GB-Space-Gray-Black-GSM-T-Mobile-A1905/202615394227?epid=239165118&hash=item2f2cd18fb3:g:hgMAAOSwmYFcZb5w
Apple iPhone 7 Plus - 32GB - Black (AT&T) A1784 (GSM),219.00,US,,https://www.ebay.com/itm/Apple-iPhone-7-Plus-32GB-Black-AT-T-A1784-GSM/303556503702?epid=225208126&hash=item46ad60a896:g:ABcAAOSw6WlerF-D
Apple IPhone 7 Plus 128GB 256GB Unlocked Smartphone All Colors A1784 GSM 12.0MP,405.99,US,19,https://www.ebay.com/itm/Apple-IPhone-7-Plus-128GB-256GB-Unlocked-Smartphone-All-Colors-A1784-GSM-12-0MP/264414697996?epid=240445966&hash=item3d90581a0c:m:mfUXBu6J7a6t_j7olnA9Vaw
Apple iPhone 7 256GB A1660 Verizon (CDMA+GSM) Clean IMEI,189.99,US,,https://www.ebay.com/itm/Apple-iPhone-7-256GB-A1660-Verizon-CDMA-GSM-Clean-IMEI/224006007112?epid=225208106&hash=item3427cc6948:g:yE0AAOSwzEJewVdF
Apple iPhone X Unlocked SIM Free Smartphone - 64GB 256GB - Grey/Silver GRADE mix,380.00,GBP,3,https://www.ebay.com/itm/Apple-iPhone-X-Unlocked-SIM-Free-Smartphone-64GB-256GB-Grey-Silver-GRADE-mix/223956729198?hash=item3424dc7d6e:m:m7-J7fk3jfIQODQEYCGMcBg
Apple iPhone 7 Black - 32GB/128GB/256GB - Unlocked Smartphone A1778 (GSM),209.68,GBP,39,https://www.ebay.com/itm/Apple-iPhone-7-Black-32GB-128GB-256GB-Unlocked-Smartphone-A1778-GSM/264359168056?epid=225158192&hash=item3d8d08c838:m:m9kfeBct_8wm4d30YlqwTVA
"Apple iPhone 8 64GB Sim Free Unlocked iOS Smartphone, Gold - Grade A Excellent",274.99,GBP,18,https://www.ebay.com/itm/Apple-iPhone-8-64GB-Sim-Free-Unlocked-iOS-Smartphone-Gold-Grade-A-Excellent/202440415304?epid=239093325&hash=item2f22639848:g:z24AAOSwRtBeuWtQ
Apple iPhone 7 256GB Gold 4G LTE Unlocked 12.0MP iOS Mobile Smartphone,259.99,GBP,5,https://www.ebay.com/itm/Apple-iPhone-7-256GB-Gold-4G-LTE-Unlocked-12-0MP-iOS-Mobile-Smartphone/264454358680?epid=225158142&_trkparms=ispr%3D1&hash=item3d92b54698:m:mrTfPY6CXAX0NKEBJwk2drA&enc=AQAEAAACcIQvEcHUrT7nmUC3yY5qbPyaBN1nJEDYW8MyypsJPgXKbpGVenk0QxwqJ7mBcQFMD2i%2BgPzQ2Y5zEbrJ31hWAFWhY5%2FMHxO47U8K5OdZAee5iY%2Bh1BMz4umkL7xk19fcdWXeV6U%2BY1Lc0MMqaM428j8T2isWqyP3fKRXrG5mQJ6Splqfc0lozNzHKF6yw18PggW3vaDvo65obHS2PEI%2FW36xwKPJ8djft5cWxbHncJ8YtxBcyyid1IOxFXmk24z0CQTHbHJ6RbPMcWKkNfKlm0uQ7Lr%2B4QUkZBajMu0YzvyzK7r%2F2mUaknZRxZ7QySFHRWMHU5SfroMtLqq86ehYDtFj3ELIV89Bo5OeXqhjVAtMeuTr3gOSDlT%2FpRDArU7q2FjNZgsr9MlaATSpKQHntrXUHBUsEI5P8FVH8Q8ORIFCdiNexO9ifEShIrlngwkGJhv3%2B8FioY9MZy2rLwZLIeI7ozuVaxnKP22mJ11dFtmksIAC1ORvq5o7y7q0k0Kcy799i%2Fcw74v9%2BGE8Y1OEtmk%2FPmLeN3tqyaBmAjXssiZb6J4ghhW1yfNsZs8Bt3kmvyfDQGamoqKl4BSp292HILVmftwpGf%2BxztaSltStOuBttIbayFyWfxUQubXGjqP5IjV%2Bg9KK2eF6FDHXTG8xXxnaB%2FH4sRsq6oOjTKwtyXqP34F7LeVn2YWsWVTVQvK2U%2B%2BrtlydUFx6a%2BnpjDJmCEcDkxhPiUmMht6B1umDSM19MQwXCd2X9qic2lNxeobIvBTz%2FHqzYD%2Bc8mqRuGVZ6KFzrrlhbIH4m8Vy89jXvkmJ%2FCCKZke012JXL%2FBfKHLbtw%3D%3D&checksum=264454358680d60a43001f1546ee89ee1558a79a24c7
"Apple iPhone 7 256GB Sim Free Unlocked iOS Smartphone - Red, Grade B Good",229.99,GBP,,https://www.ebay.com/itm/Apple-iPhone-7-256GB-Sim-Free-Unlocked-iOS-Smartphone-Red-Grade-B-Good/402061046951?epid=235202289&_trkparms=ispr%3D1&hash=item5d9cb4b4a7:g:RmMAAOSwFqpczBjh&enc=AQAEAAACYIQvEcHUrT7nmUC3yY5qbPyaBN1nJEDYW8MyypsJPgXKPst8O3a018v1Mw9qxMpjJS23oTT6g6ftbAdVm2D8zPvz0I1xncQ5JfZA8eX%2FkBenejoYRmjLSmcyZmC2BEBf%2FpGiJ7ZljozUjof0CwTRS3KyI19Tl652FpyMognxmb8G5MEk8O%2FUwGZhyLmHv96RIY1uDvf5e%2FEwbIx4j8289N4GcY6IkosnD0s556qODydlJVTVmsJ%2FZLog5NFhMUaopUX3iH61waofFNxnCv7qbN%2B0yAgus4ChiQVfDqwLnP3ZEXYSeBLVAO%2F9GPHHbv6qn4iFrtLXkFKMnJXb8UlJrPQeicBrf7AqoWkMlhVNXsbAl4n1bPj7sg6rBnboFitE0sPPK0J7%2BVr27YTipd%2F6FXg85snCZGL50k9FMpzjBj06Nvw3PN1%2Fy%2B1iRU55%2FNrop6KFiADXMGwutFTdDJyLZL4CrFrpLOtRtG12HzpG3nwrASgQedsOTERXUWzE7gv0kZiThGrPNAsNYgIWT7IL60h3KaCLq1lAkUdQ0TYPH6cJjh9RdLKuklyaQbIcgNGoxpBV%2B6n9uQl9%2FWIdxRy3JVT3RBLMazDwyoHPMHwLqyR57vTB4cQ5%2BK%2FNjfUA9MfeTOgKzAvTRXyr62hAkjsmNvA6sqd6ruy8QTSbj%2Bbrow1e9FA3izo8uDst5uaeWk1QRgi%2B%2FrDeOhZqQZ2PfrAPqYBZMzdofh9Fp4xHPgdNtBTe%2BL87DsU%2FB7rXlljPv5%2F6z86HRHQ0FRJeiULQweJO6PAPDSjlyEbpoAeDt2vrNdvU&checksum=402061046951d60a43001f1546ee89ee1558a79a24c7
Apple iPhone 7 Plus 32GB 128GB 256GB - Jet/Black/Silver/Gold/Rose/Red - UNLOCKED,659.99,US,4,https://www.ebay.com/itm/Apple-iPhone-7-Plus-32GB-128GB-256GB-Jet-Black-Silver-Gold-Rose-Red-UNLOCKED/263951311927?epid=225202875&hash=item3d74b96437:m:mzJ1a3SlG1taEdRdIsBzRFw
Apple iPhone 6s (64gb) Globally Unlocked (A1688) Rose Gold/ MiNT iOS13 {100%},153.00,US,,https://www.ebay.com/itm/Apple-iPhone-6s-64gb-Globally-Unlocked-A1688-Rose-Gold-MiNT-iOS13-100/333540797811?epid=241986697&hash=item4da894ad73:g:ThsAAOSwe0BeUgAz
Unlocked Apple iPhone 7 Plus 32GB Jet Black/Black/Gold/Silver/Pink OriginalPhone,303.99,US,7,https://www.ebay.com/itm/Unlocked-Apple-iPhone-7-Plus-32GB-Jet-Black-Black-Gold-Silver-Pink-OriginalPhone/183899118265?epid=225217297&hash=item2ad13ddab9:m:md6cDAjHXe_e1qzF6bokdFA
Apple iPhone X - Unlocked Smartphone Excellent Condition Choose color in box,465.00,US,44,https://www.ebay.com/itm/Apple-iPhone-X-Unlocked-Smartphone-Excellent-Condition-Choose-color-in-box/163922277853?epid=239160803&hash=item262a8775dd:m:m5LCSxcp61ULrBHwsCl5HKA
Apple iPhone 7 32GB / 128GB - Unlocked SIM Free Smartphone Mix Grades UK Seller,169.99,GBP,7,https://www.ebay.com/itm/Apple-iPhone-7-32GB-128GB-Unlocked-SIM-Free-Smartphone-Mix-Grades-UK-Seller/392692711222?epid=2303730783&hash=item5b6e4f3f36:m:mBmPyUo5sIUPvqggm3c2RFw
Apple iPhone X No Face ID 64GB 256GB UNLOCKED Space Grey Silver,379.99,GBP,162,https://www.ebay.com/itm/Apple-iPhone-X-No-Face-ID-64GB-256GB-UNLOCKED-Space-Grey-Silver/202811817937?hash=item2f3886bfd1:m:mHW7DzFrPoO9SKrYmvoUJDw
New in Sealed Box Apple iPhone 7 USA 32/128GB AT&T T-MOBILE Unlocked Smartphone,205.99,US,8,https://www.ebay.com/itm/New-in-Sealed-Box-Apple-iPhone-7-USA-32-128GB-AT-T-T-MOBILE-Unlocked-Smartphone/254590156513?epid=28035203286&hash=item3b46c17ee1:m:msPk-p5mssYSe_S1XwGS9Rw
"Apple iPhone 7 256GB ""Matte Black & Jet Black"" Unlocked LTE Smartphone A+ Grade",259.99,GBP,,https://www.ebay.com/itm/Apple-iPhone-7-256GB-Matte-Black-Jet-Black-Unlocked-LTE-Smartphone-A-Grade/392548196765?epid=225076461&hash=item5b65b2219d:m:mBkZPY-D7p_4EuBjOkdPpeQ
New *UNOPENDED* Apple iPhone 7 AT&T T-MOBILE Unlocked Smartphone/128GB/RED,234.99,US,8,https://www.ebay.com/itm/New-UNOPENDED-Apple-iPhone-7-AT-T-T-MOBILE-Unlocked-Smartphone-128GB-RED/254569588082?epid=240458885&hash=item3b4587a572:g:ZcMAAOSwRsJelmka
Apple iPhone 7 (128gb) Verizon Globally Unlocked (A1778) MiNT ExTRAs *~* iOS 13,217.00,US,,https://www.ebay.com/itm/Apple-iPhone-7-128gb-Verizon-Globally-Unlocked-A1778-MiNT-ExTRAs-iOS-13/333547013918?epid=241942270&hash=item4da8f3871e:g:NXQAAOSwkAReTzqv
Apple iPhone 7 Plus 32GB 128GB 256GB Unlocked All Colours Sim Free Smartphone UK,216.99,GBP,69,https://www.ebay.com/itm/Apple-iPhone-7-Plus-32GB-128GB-256GB-Unlocked-All-Colours-Sim-Free-Smartphone-UK/264659099330?epid=225203660&hash=item3d9ee95ec2:m:mU5vsPq3uew4ZlAyS4WZYKw
Apple iPhone X 10 [ 64GB/256GB ] Space Grey/Silver Unlocked [AU Stock] A1865,629.00,AU,666,https://www.ebay.com/itm/Apple-iPhone-X-10-64GB-256GB-Space-Grey-Silver-Unlocked-AU-Stock-A1865/324021888472?hash=item4b7135a5d8:m:mWt-GsxRkxnNgRfOiGEpMQQ
Apple iPhone 7 Plus (PRODUCT) RED & BLACK- 128GB - (Unlocked) A1661 (CDMA + GSM),400.00,US,,https://www.ebay.com/itm/Apple-iPhone-7-Plus-PRODUCT-RED-BLACK-128GB-Unlocked-A1661-CDMA-GSM/293576124249?hash=item445a802759:g:RXoAAOSwSD9euMkV
iPhone XS GSM 64GB Space Gray UNLOCKED - Excellent,449.95,US,1,https://www.ebay.com/itm/iPhone-XS-GSM-64GB-Space-Gray-UNLOCKED-Excellent/392798057432?epid=25023700375&hash=item5b7496b3d8:g:zWAAAOSwKgZevBDp
Apple iPhone 8 Plus Rose gold GSM Unlocked 64GB Bluetooth Smart Phone,495.00,US,,https://www.ebay.com/itm/Apple-iPhone-8-Plus-Rose-gold-GSM-Unlocked-64GB-Bluetooth-Smart-Phone/274363334019?epid=17035183167&hash=item3fe1543d83:g:IEcAAOSw3TJeqZLZ
Apple iPhone 7 RED - 128GB - (Unlocked) (GSM) Smartphone Very good condition.,249.00,US,,https://www.ebay.com/itm/Apple-iPhone-7-RED-128GB-Unlocked-GSM-Smartphone-Very-good-condition/324157411740?epid=241179788&hash=item4b7949919c:g:e40AAOSwEaJeL9WA
Apple iPhone 7 - 32GB 128GB 256GB - Unlocked Smartphone,168.00,US,61,https://www.ebay.com/itm/Apple-iPhone-7-32GB-128GB-256GB-Unlocked-Smartphone/174235947387?epid=240455139&hash=item289145917b:m:mWTaYTmJEk27VTrRat647Dg
"Apple IPHONE 7 32 Go 128 Go,Unlocked,Black,Gold Pink,Argent,Red Excellent (Pro",149.88,GBP,2,https://www.ebay.com/itm/Apple-IPHONE-7-32-Go-128-Go-Unlocked-Black-Gold-Pink-Argent-Red-Excellent-Pro/254387916234?epid=3034567858&hash=item3b3ab38dca:m:m12S_wmaJ86J-fdY2EchzIw
Apple iPhone 7 32GB 64GB 128GB Unlocked Grade A+ Smartphone 12 Months Warranty,219.99,GBP,12,https://www.ebay.com/itm/Apple-iPhone-7-32GB-64GB-128GB-Unlocked-Grade-A-Smartphone-12-Months-Warranty/223676666918?epid=2303730783&hash=item34142b1426:m:mHHHPR7RCDNnKdz1cM6YqRw
iPhone 7 Space Gray 32G Brand New ATT locked,229.00,US,10,https://www.ebay.com/itm/iPhone-7-Space-Gray-32G-Brand-New-ATT-locked/164077650702?hash=item2633ca430e:g:mHcAAOSwOxJeQvw~
Apple iPhone 7 32GB Sim Free Unlocked iOS Smartphone Silver - Grade A Excellent,174.99,GBP,4,https://www.ebay.com/itm/Apple-iPhone-7-32GB-Sim-Free-Unlocked-iOS-Smartphone-Silver-Grade-A-Excellent/202617771466?epid=225203615&hash=item2f2cf5d5ca:g:9YgAAOSwvVZengt-
Apple iPhone 7 PLUS 32GB | 128GB | 256GB (AT&T │CRICKET) BLACK│SILVER│GOLD *NEW*,378.95,US,2,https://www.ebay.com/itm/Apple-iPhone-7-PLUS-32GB-128GB-256GB-AT-T-CRICKET-BLACK-SILVER-GOLD-NEW/223945624186?_trkparms=ispr%3D1&hash=item3424330a7a:m:mtG-l8C0Hzb89gKZ0NkRR7Q&enc=AQAEAAACYIQvEcHUrT7nmUC3yY5qbPyaBN1nJEDYW8MyypsJPgXKy5QCKmmXtR1khE%2F9fH98lsEIzhBQKelK%2BCgBciaYjw%2BUQsEiETh2vfogd779nqy%2B%2BsHgSZ%2BYF9mrAcDsNUnlmWG2DbPbTKyg2i7Tx0kiTEVDUgXDOWwnx2qa4cOJ0XwVV9zBUljmLC%2B79ALnyilKblu2BayermuR5I0jjCNOCxKOY3cB7lqN1WxspFI1Fd6Y6iqoCZ5hkGJKP35f220hc1JJ2Sozg7MxkTC%2FZ%2FAIPSQF2r3Xdn8lJjd%2FvxSwwMurr%2FoBLJKEffcywWVy2ll3TMBAOmqSg%2FtuO5ww%2BbQXAcTkH%2F4L74ijdSqoIGshzHwj00VyrqMBVNGv0ksJn%2BJT%2FYaOZuiTm9ZYEKo7CU9XBJzEgA63Amb6nI4FAgUVyJtC%2F2iw8iXs6%2BBIlmOPa6is3eq5Ic4TyRGQB89RwSgRToaa2epVxstWAOnfTnL8vYo9tiQuPDz2liNxl2iZBbiU1YYm9fOjDJY%2Fy5n1wytRrZTOp4y8QaG%2Bao15ZXigzD8pO1%2BFFd%2B20GIsXpkkounI9vFG7SY%2BTzKKfkSXgcvHMWaEnamcE%2Fr%2BLaohVPFrKFdp7nsJDh2S%2FEKDZTxx0n%2Bu9hmiJCDsvRBNa3qkuJk8pj4KowxP9bOvbjcqkAYN6lamcKk0WipjMbzrvDY5NOtqLXG2EM6%2FtsD8i%2F5xNH9iFgwE8gbdCPnTE89Qh0o%2BJH2yy9d4No%2BRiOBJvihIGdpmarpIU%2BzOnQGZW4Yf8DYeF6ifOteL5jpvB7Q%2F0B%2Fw%2Ff5r&checksum=223945624186d60a43001f1546ee89ee1558a79a24c7
Apple iPhone 7 - 256GB - Gold (GSM Factory Unlocked) - New Inbox,309.99,US,,https://www.ebay.com/itm/Apple-iPhone-7-256GB-Gold-GSM-Factory-Unlocked-New-Inbox/164113730838?epid=225216967&_trkparms=ispr%3D1&hash=item2635f0cd16:g:RscAAOSwNRdX454Y&enc=AQAEAAACYIQvEcHUrT7nmUC3yY5qbPyaBN1nJEDYW8MyypsJPgXKym2Jdff8P6pcVkPslsrmDxWOHTKIvdyzwQiHzABCEIn54jQdgygUhe2ACP91JsbU1%2BNjETzPET55P4MCkUVk7GVzPzmqoh15%2Bhw6mNrHEbiJP6qZ5TbKkwP8DMqa9AEmFSOj9DQRXcYpoYFc0c7kAzNfsbLQ7wJVDU%2BmTWKa9Xn2d718sCfI16DKc0gLivfqD2TJrTTUwUyROlR%2F5EnMkCAg2Ab1hXOxN1Krt5DlY4nBSkn8490s6V6FcVEjNdr3Qwm%2BytozpoX3AFOCMstgqyQRSoXMmdGYl3j%2Fh0q4hPsjvhmdExkAEJm0H2xkCiG8VL9I7Xj9X6W6PnQKk3fghy5MdOZDeICMQ748emSNlLDIFtTc7CVyEnrVEbsbAJkG2UZlyTUPBbbOB52h8XUQr562jI2LM7SiYRJRT%2BvJmDIW9XIf1YnvwvKzIRp2gn3cMVdG7gmqFg9GBJr2xclD0DcZ7O2yc1Xs%2FQReRSqw2qXoUKbh4OUMnY%2FDwAXcmW508AWlKcx9iE4lovsASL2kqnTuJrKnxi2IgnWqHJBDjPfa8mzu9MeSBM1ZQtMj7s05Hcnk%2F7mO0vaw8cJ2TeYijkbwLEgvAlitMf3vVBAdMPTIFA0FiY2Du3KrZlRKKHvWqQArwDXGIptswvOeIiEdPeIzsO7bkq2izEzvc8Y64CYWFcWsIJckMV7dfiHbTYcASVX06ywMN0saLkmFvWhgmdIjPEiU7z7HGuXjMjLiU%2FuYfC15I9XTH7oq%2Fm1CorQr&checksum=164113730838d60a43001f1546ee89ee1558a79a24c7
